CSDUID,CSD,Period,IndicatorSummaryDescription,UnitOfMeasure,OriginalValue
4806016,Calgary,1971,Residential Vacancy,,0.067
4806016,Calgary,1972,Housing Starts,,7047
4806016,Calgary,1972,Residential Vacancy,,0.066
4806016,Calgary,1973,Housing Starts,,6981
4806016,Calgary,1973,Residential Vacancy,,0.079
4806016,Calgary,1974,Housing Starts,,6487
4806016,Calgary,1974,Residential Vacancy,,0.011
4806016,Calgary,1975,Housing Starts,,7872
4806016,Calgary,1975,Residential Vacancy,,0.004
4806016,Calgary,1976,Housing Starts,,11360
4806016,Calgary,1976,Residential Vacancy,,0.001
4806016,Calgary,1977,Housing Starts,,13190
4806016,Calgary,1977,Residential Vacancy,,0.001
4806016,Calgary,1978,Housing Starts,,15382
4806016,Calgary,1978,Residential Vacancy,,0.012
4806016,Calgary,1979,Housing Starts,,12383
4806016,Calgary,1979,Residential Vacancy,,0.004
4806016,Calgary,1980,Housing Starts,,11104
4806016,Calgary,1980,Residential Vacancy,,0.004
4806016,Calgary,1981,Participation Rate,,0.75681
4806016,Calgary,1981,Unemployment Rate,,0.03218
4806016,Calgary,1981,Employment Rate,,0.73246
4806016,Calgary,1981,Housing Starts,,15172
4806016,Calgary,1981,Post Secondary (people with qualification),,153020
4806016,Calgary,1981,Residential Vacancy,,0.002
4806016,Calgary,1981,% Visible Minority,,0.02648
4806016,Calgary,1982,Housing Starts,,9599
4806016,Calgary,1982,Residential Vacancy,,0.063
4806016,Calgary,1983,Housing Starts,,4882
4806016,Calgary,1983,Residential Vacancy,,0.123
4806016,Calgary,1984,Housing Starts,,1803
4806016,Calgary,1984,Residential Vacancy,,0.096
4806016,Calgary,1985,Housing Starts,,2318
4806016,Calgary,1985,Residential Vacancy,,0.027
4806016,Calgary,1986,Participation Rate,,0.752
4806016,Calgary,1986,Unemployment Rate,,0.101
4806016,Calgary,1986,Employment Rate,,0.67602
4806016,Calgary,1986,Housing Starts,,2679
4806016,Calgary,1986,Post Secondary (people with qualification),,172635
4806016,Calgary,1986,Residential Vacancy,,0.039
4806016,Calgary,1986,Official Language (% spoken at home),,0.92961
4806016,Calgary,1986,% Visible Minority,,0.08268
4806016,Calgary,1986,% Aboriginal Population,,0.00593
4806016,Calgary,1986,Aboriginal Population,,3775
4806016,Calgary,1986,Non-official Language (% spoken at home),,0.0704
4806016,Calgary,1986,Official Language (spoken at home),,560055
4806016,Calgary,1986,Non-official Language (spoken at home),,42405
4806016,Calgary,1987,Housing Starts,,3466
4806016,Calgary,1987,Residential Vacancy,,0.043
4806016,Calgary,1987,Average Residential Rent (2-bedroom units),$,502
4806016,Calgary,1988,Housing Starts,,3800
4806016,Calgary,1988,Residential Vacancy,,0.023
4806016,Calgary,1988,Average Residential Rent (2-bedroom units),$,515
4806016,Calgary,1989,Housing Starts,,6228
4806016,Calgary,1989,Residential Vacancy,,0.012
4806016,Calgary,1989,Average Residential Rent (2-bedroom units),$,555
4806016,Calgary,1990,Housing Starts,,7004
4806016,Calgary,1990,Residential Vacancy,,0.02
4806016,Calgary,1990,Average Residential Rent (2-bedroom units),$,595
4806016,Calgary,1991,Labour Force,,417080
4806016,Calgary,1991,Participation Rate,,0.757
4806016,Calgary,1991,Unemployment Rate,,0.081
4806016,Calgary,1991,Employment Rate,,0.69567
4806016,Calgary,1991,Housing Starts,,4750
4806016,Calgary,1991,Post Secondary (people with qualification),,208145
4806016,Calgary,1991,Residential Vacancy,,0.038
4806016,Calgary,1991,Average Residential Rent (2-bedroom units),$,608
4806016,Calgary,1991,Official Language (% spoken at home),,0.91232
4806016,Calgary,1991,% Visible Minority,,0.10893
4806016,Calgary,1991,% Aboriginal Population,,0.00835
4806016,Calgary,1991,Aboriginal Population,,5935
4806016,Calgary,1991,Non-official Language (% spoken at home),,0.08768
4806016,Calgary,1991,Official Language (spoken at home),,631280
4806016,Calgary,1991,Non-official Language (spoken at home),,60670
4806016,Calgary,1992,Building Permits (value of permits),$,910792
4806016,Calgary,1992,Building Permits (number of permits),,10392
4806016,Calgary,1992,Housing Starts,,7034
4806016,Calgary,1992,Residential Vacancy,,0.056
4806016,Calgary,1992,Average Residential Rent (2-bedroom units),$,603
4806016,Calgary,1993,Building Permits (value of permits),$,734742
4806016,Calgary,1993,Building Permits (number of permits),,9630
4806016,Calgary,1993,Housing Starts,,6629
4806016,Calgary,1993,Residential Vacancy,,0.059
4806016,Calgary,1993,Average Residential Rent (2-bedroom units),$,589
4806016,Calgary,1994,Building Permits (value of permits),$,826141
4806016,Calgary,1994,Building Permits (number of permits),,9005
4806016,Calgary,1994,Housing Starts,,6877
4806016,Calgary,1994,Dwelling Units,,293383
4806016,Calgary,1994,Residential Vacancy,,0.051
4806016,Calgary,1994,Average Residential Rent (2-bedroom units),$,589
4806016,Calgary,1995,Building Permits (value of permits),$,844722
4806016,Calgary,1995,Building Permits (number of permits),,9059
4806016,Calgary,1995,Housing Starts,,5685
4806016,Calgary,1995,Dwelling Units,,293383
4806016,Calgary,1995,Residential Vacancy,,0.036
4806016,Calgary,1995,Average Residential Rent (2-bedroom units),$,588
4806016,Calgary,1995,K - 9 Enrollment,,98000
4806016,Calgary,1995,High School Enrollment,,31868
4806016,Calgary,1996,Labour Force,,442525
4806016,Calgary,1996,Participation Rate,,0.737
4806016,Calgary,1996,Unemployment Rate,,0.067
4806016,Calgary,1996,Employment Rate,,0.68761
4806016,Calgary,1996,Building Permits (value of permits),$,1018979
4806016,Calgary,1996,Building Permits (number of permits),,11249
4806016,Calgary,1996,Housing Starts,,7111
4806016,Calgary,1996,Post Secondary (people with qualification),,248070
4806016,Calgary,1996,Dwelling Units,,303989
4806016,Calgary,1996,Net Commuter Flow,,21000
4806016,Calgary,1996,Residential Vacancy,,0.015
4806016,Calgary,1996,Average Residential Rent (2-bedroom units),$,600.5
4806016,Calgary,1996,Official Language (% spoken at home),,0.80938
4806016,Calgary,1996,% Visible Minority,,0.16411
4806016,Calgary,1996,% Aboriginal Population,,0.01888
4806016,Calgary,1996,Aboriginal Population,,14500
4806016,Calgary,1996,K - 9 Enrollment,,100971
4806016,Calgary,1996,High School Enrollment,,33212
4806016,Calgary,1996,Non-official Language (% spoken at home),,0.19062
4806016,Calgary,1996,Official Language (spoken at home),,609175
4806016,Calgary,1996,Non-official Language (spoken at home),,143470
4806016,Calgary,1997,Building Permits (value of permits),$,1575748
4806016,Calgary,1997,Building Permits (number of permits),,14519
4806016,Calgary,1997,Housing Starts,,11215
4806016,Calgary,1997,Employment Insurance (recipients),,10399
4806016,Calgary,1997,Property Assessments,$,44879275533
4806016,Calgary,1997,Residential Share (of property assessments),,0.74873
4806016,Calgary,1997,Dwelling Units,,312092
4806016,Calgary,1997,Residential Vacancy,,0.005
4806016,Calgary,1997,Average Residential Rent (2-bedroom units),$,641.5
4806016,Calgary,1997,K - 9 Enrollment,,103323
4806016,Calgary,1997,High School Enrollment,,35757
4806016,Calgary,1998,Crimes (reported),,71197
4806016,Calgary,1998,Violent Crimes (reported),,7972
4806016,Calgary,1998,Building Permits (value of permits),$,2200871
4806016,Calgary,1998,Building Permits (number of permits),,14738
4806016,Calgary,1998,Housing Starts,,12495
4806016,Calgary,1998,Employment Insurance (recipients),,9430
4806016,Calgary,1998,Non-res. Mill Rate,,18.7863
4806016,Calgary,1998,Property Assessments,$,46050375003
4806016,Calgary,1998,Residential Share (of property assessments),,0.75223
4806016,Calgary,1998,Dwelling Units,,320907
4806016,Calgary,1998,% Small Businesses,,0.94972
4806016,Calgary,1998,Residential Vacancy,,0.006
4806016,Calgary,1998,Average Residential Rent (2-bedroom units),$,716
4806016,Calgary,1998,K - 9 Enrollment,,105275
4806016,Calgary,1998,High School Enrollment,,36114
4806016,Calgary,1998,Number of Businesses,,35281
4806016,Calgary,1999,Crimes (reported),,70585
4806016,Calgary,1999,Violent Crimes (reported),,8959
4806016,Calgary,1999,Building Permits (value of permits),$,1628131
4806016,Calgary,1999,Building Permits (number of permits),,12827
4806016,Calgary,1999,Housing Starts,,10600
4806016,Calgary,1999,Employment Insurance (recipients),,10351
4806016,Calgary,1999,Non-res. Mill Rate,,12.9398
4806016,Calgary,1999,Property Assessments,$,50564405935
4806016,Calgary,1999,Residential Share (of property assessments),,0.75158
4806016,Calgary,1999,Dwelling Units,,331159
4806016,Calgary,1999,% Small Businesses,,0.94856
4806016,Calgary,1999,Residential Vacancy,,0.027
4806016,Calgary,1999,Average Residential Rent (2-bedroom units),$,745
4806016,Calgary,1999,K - 9 Enrollment,,105871
4806016,Calgary,1999,High School Enrollment,,37551
4806016,Calgary,1999,Number of Businesses,,36745
4806016,Calgary,2000,All Families Income (Median),$,60400
4806016,Calgary,2000,Couple Families Income (Median),$,66300
4806016,Calgary,2000,Lone-Parent Income (Median),$,30200
4806016,Calgary,2000,Crimes (reported),,68104
4806016,Calgary,2000,Violent Crimes (reported),,9688
4806016,Calgary,2000,Building Permits (value of permits),$,1948457
4806016,Calgary,2000,Building Permits (number of permits),,12098
4806016,Calgary,2000,Housing Starts,,11093
4806016,Calgary,2000,Employment Insurance (recipients),,8358
4806016,Calgary,2000,Non-res. Mill Rate,,13.3359
4806016,Calgary,2000,Property Assessments,$,63279737195
4806016,Calgary,2000,Residential Share (of property assessments),,0.73429
4806016,Calgary,2000,Dwelling Units,,340257
4806016,Calgary,2000,% Small Businesses,,0.93688
4806016,Calgary,2000,Residential Vacancy,,0.012
4806016,Calgary,2000,Incorporations,,11699
4806016,Calgary,2000,Average Residential Rent (2-bedroom units),$,746.5
4806016,Calgary,2000,Daily Vehicles (per km of road),,98038.91823
4806016,Calgary,2000,K - 9 Enrollment,,106487
4806016,Calgary,2000,High School Enrollment,,39673
4806016,Calgary,2000,Number of Businesses,,38482
4806016,Calgary,2001,Population,,903916
4806016,Calgary,2001,All Families Income (Median),$,64700
4806016,Calgary,2001,Couple Families Income (Median),$,71100
4806016,Calgary,2001,Lone-Parent Income (Median),$,32800
4806016,Calgary,2001,Crimes (reported),,69037
4806016,Calgary,2001,Violent Crimes (reported),,9729
4806016,Calgary,2001,Labour Force,,525860
4806016,Calgary,2001,Participation Rate,,0.749
4806016,Calgary,2001,Unemployment Rate,,0.05
4806016,Calgary,2001,Employment Rate,,0.712
4806016,Calgary,2001,Building Permits (value of permits),$,1968832
4806016,Calgary,2001,Building Permits (number of permits),,14465
4806016,Calgary,2001,Housing Starts,,11349
4806016,Calgary,2001,Employment Insurance (recipients),,8273
4806016,Calgary,2001,Post Secondary (people with qualification),,340025
4806016,Calgary,2001,Non-res. Mill Rate,,13.7995
4806016,Calgary,2001,Property Assessments,$,67092528958
4806016,Calgary,2001,Residential Share (of property assessments),,0.74101
4806016,Calgary,2001,New Temp. Residents,,9545
4806016,Calgary,2001,Total Temp. Residents,,7425
4806016,Calgary,2001,Dwelling Units,,348902
4806016,Calgary,2001,Net Commuter Flow,,26700
4806016,Calgary,2001,% Small Businesses,,0.93733
4806016,Calgary,2001,Residential Vacancy,,0.012
4806016,Calgary,2001,Births,,11060
4806016,Calgary,2001,Deaths,,4327
4806016,Calgary,2001,Incorporations,,11667
4806016,Calgary,2001,Average Residential Rent (2-bedroom units),$,791
4806016,Calgary,2001,Private Households by Structural Type,,332955
4806016,Calgary,2001,Single Family Houses (% of all housing units),,0.59568
4806016,Calgary,2001,Daily Vehicles (per km of road),,77131.34732
4806016,Calgary,2001,Official Language (% spoken at home),,0.79813
4806016,Calgary,2001,% Visible Minority,,0.18536
4806016,Calgary,2001,Cattle and Calves (number of),,
4806016,Calgary,2001,Pigs (number of),,
4806016,Calgary,2001,% Aboriginal Population,,0.02248
4806016,Calgary,2001,Aboriginal Population,,19760
4806016,Calgary,2001,K - 9 Enrollment,,108771
4806016,Calgary,2001,High School Enrollment,,38870
4806016,Calgary,2001,Number of Businesses,,39954
4806016,Calgary,2001,Non-official Language (% spoken at home),,0.20187
4806016,Calgary,2001,Official Language (spoken at home),,685705
4806016,Calgary,2001,Non-official Language (spoken at home),,173435
4806016,Calgary,2002,Population,,929118
4806016,Calgary,2002,All Families Income (Median),$,66200
4806016,Calgary,2002,Couple Families Income (Median),$,72600
4806016,Calgary,2002,Lone-Parent Income (Median),$,34000
4806016,Calgary,2002,Crimes (reported),,69850
4806016,Calgary,2002,Violent Crimes (reported),,9229
4806016,Calgary,2002,Building Permits (value of permits),$,2271085
4806016,Calgary,2002,Building Permits (number of permits),,16697
4806016,Calgary,2002,Housing Starts,,14339
4806016,Calgary,2002,Employment Insurance (recipients),,10700
4806016,Calgary,2002,Non-res. Mill Rate,,13.7995
4806016,Calgary,2002,Property Assessments,$,1.44158E+11
4806016,Calgary,2002,Residential Share (of property assessments),,0.7463
4806016,Calgary,2002,New Temp. Residents,,10850
4806016,Calgary,2002,Total Temp. Residents,,8857
4806016,Calgary,2002,Dwelling Units,,360129
4806016,Calgary,2002,% Small Businesses,,0.93556
4806016,Calgary,2002,Residential Vacancy,,0.028
4806016,Calgary,2002,Births,,11487
4806016,Calgary,2002,Deaths,,4470
4806016,Calgary,2002,Incorporations,,11829
4806016,Calgary,2002,Average Residential Rent (2-bedroom units),$,811
4806016,Calgary,2002,Daily Vehicles (per km of road),,78776.50224
4806016,Calgary,2002,K - 9 Enrollment,,109614
4806016,Calgary,2002,High School Enrollment,,40678
4806016,Calgary,2002,Number of Businesses,,40672
4806016,Calgary,2003,Population,,947086
4806016,Calgary,2003,Well Count,,2
4806016,Calgary,2003,Natural Gas Production,m3,126839
4806016,Calgary,2003,Oil Production,m3,5978.9
4806016,Calgary,2003,Natural Gas Reserves,m3,
4806016,Calgary,2003,All Families Income (Median),$,67200
4806016,Calgary,2003,Couple Families Income (Median),$,74000
4806016,Calgary,2003,Lone-Parent Income (Median),$,34400
4806016,Calgary,2003,Crimes (reported),,71287
4806016,Calgary,2003,Violent Crimes (reported),,9700
4806016,Calgary,2003,Building Permits (value of permits),$,2441250
4806016,Calgary,2003,Building Permits (number of permits),,16112
4806016,Calgary,2003,Housing Starts,,13642
4806016,Calgary,2003,Employment Insurance (recipients),,10998
4806016,Calgary,2003,Non-res. Mill Rate,,14.4991
4806016,Calgary,2003,Property Assessments,$,76695770755
4806016,Calgary,2003,Residential Share (of property assessments),,0.74324
4806016,Calgary,2003,New Temp. Residents,,10380
4806016,Calgary,2003,Total Temp. Residents,,9270
4806016,Calgary,2003,Dwelling Units,,371756
4806016,Calgary,2003,% Small Businesses,,0.97356
4806016,Calgary,2003,Residential Vacancy,,0.044
4806016,Calgary,2003,Births,,12910
4806016,Calgary,2003,Deaths,,4680
4806016,Calgary,2003,Incorporations,,12274
4806016,Calgary,2003,Average Residential Rent (2-bedroom units),$,809.5
4806016,Calgary,2003,Daily Vehicles (per km of road),,80752.78153
4806016,Calgary,2003,Have Family Doctor,,0.84467
4806016,Calgary,2003,Overweight,,0.46563
4806016,Calgary,2003,Life Stress,,0.22894
4806016,Calgary,2003,Had Flu Shot,,0.24418
4806016,Calgary,2003,Daily Smokers,,0.14317
4806016,Calgary,2003,Sense of Belonging,,0.60837
4806016,Calgary,2003,Heavy Drinkers,,0.17414
4806016,Calgary,2003,Physical Activity,,0.57846
4806016,Calgary,2003,Emergency Room Visits,,289542
4806016,Calgary,2003,K - 9 Enrollment,,110635
4806016,Calgary,2003,High School Enrollment,,41478
4806016,Calgary,2003,Number of Businesses,,41498
4806016,Calgary,2004,Population,,966449
4806016,Calgary,2004,Well Count,,0
4806016,Calgary,2004,Natural Gas Production,m3,118076.8
4806016,Calgary,2004,Oil Production,m3,5967.1
4806016,Calgary,2004,Natural Gas Reserves,m3,
4806016,Calgary,2004,All Families Income (Median),$,70500
4806016,Calgary,2004,Couple Families Income (Median),$,77300
4806016,Calgary,2004,Lone-Parent Income (Median),$,35600
4806016,Calgary,2004,Crimes (reported),,69667
4806016,Calgary,2004,Violent Crimes (reported),,9589
4806016,Calgary,2004,Building Permits (value of permits),$,2427143
4806016,Calgary,2004,Building Permits (number of permits),,16325
4806016,Calgary,2004,Housing Starts,,14008
4806016,Calgary,2004,Employment Insurance (recipients),,9223
4806016,Calgary,2004,Non-res. Mill Rate,,15.2085
4806016,Calgary,2004,Property Assessments,$,85658580122
4806016,Calgary,2004,Residential Share (of property assessments),,0.76382
4806016,Calgary,2004,New Temp. Residents,,9775
4806016,Calgary,2004,Total Temp. Residents,,9579
4806016,Calgary,2004,Dwelling Units,,383701
4806016,Calgary,2004,% Small Businesses,,0.93578
4806016,Calgary,2004,Residential Vacancy,,0.043
4806016,Calgary,2004,Births,,12232
4806016,Calgary,2004,Deaths,,4664
4806016,Calgary,2004,Incorporations,,12929
4806016,Calgary,2004,Average Residential Rent (2-bedroom units),$,810
4806016,Calgary,2004,Daily Vehicles (per km of road),,69172.81319
4806016,Calgary,2004,CO2 Eq. Emissions,t,3269036.075
4806016,Calgary,2004,Have Family Doctor,,0.84032
4806016,Calgary,2004,Overweight,,0.46592
4806016,Calgary,2004,Life Stress,,0.22327
4806016,Calgary,2004,Had Flu Shot,,0.26516
4806016,Calgary,2004,Daily Smokers,,0.14363
4806016,Calgary,2004,Sense of Belonging,,0.60829
4806016,Calgary,2004,Heavy Drinkers,,0.17808
4806016,Calgary,2004,Physical Activity,,0.56814
4806016,Calgary,2004,Emergency Room Visits,,343139
4806016,Calgary,2004,Post-Sec. Enrollment,,899
4806016,Calgary,2004,Post-Sec. Enrollment,,64805
4806016,Calgary,2004,K - 9 Enrollment,,110967
4806016,Calgary,2004,High School Enrollment,,42231
4806016,Calgary,2004,Number of Businesses,,41512
4806016,Calgary,2005,Population,,995897
4806016,Calgary,2005,Well Count,,1
4806016,Calgary,2005,Natural Gas Production,m3,127274
4806016,Calgary,2005,Oil Production,m3,7776
4806016,Calgary,2005,Natural Gas Reserves,m3,
4806016,Calgary,2005,All Families Income (Median),$,74700
4806016,Calgary,2005,Couple Families Income (Median),$,82200
4806016,Calgary,2005,Lone-Parent Income (Median),$,35800
4806016,Calgary,2005,Crimes (reported),,69972
4806016,Calgary,2005,Violent Crimes (reported),,9626
4806016,Calgary,2005,Building Permits (value of permits),$,3384424
4806016,Calgary,2005,Building Permits (number of permits),,18944
4806016,Calgary,2005,Housing Starts,,13667
4806016,Calgary,2005,Employment Insurance (recipients),,7420
4806016,Calgary,2005,Non-res. Mill Rate,,14.3736
4806016,Calgary,2005,Driver's Licenses,,640091
4806016,Calgary,2005,Vehicle Registrations,,1487534
4806016,Calgary,2005,Property Assessments,$,93268443232
4806016,Calgary,2005,Residential Share (of property assessments),,0.77214
4806016,Calgary,2005,New Temp. Residents,,11050
4806016,Calgary,2005,Total Temp. Residents,,10637
4806016,Calgary,2005,Dwelling Units,,395799
4806016,Calgary,2005,% Small Businesses,,0.93211
4806016,Calgary,2005,Residential Vacancy,,0.017
4806016,Calgary,2005,Births,,12182
4806016,Calgary,2005,Deaths,,4573
4806016,Calgary,2005,Incorporations,,14907
4806016,Calgary,2005,Average Residential Rent (2-bedroom units),$,813
4806016,Calgary,2005,Daily Vehicles (per km of road),,73723.14319
4806016,Calgary,2005,CO2 Eq. Emissions,t,3179627.011
4806016,Calgary,2005,Have Family Doctor,,0.83381
4806016,Calgary,2005,Overweight,,0.46973
4806016,Calgary,2005,Life Stress,,0.21962
4806016,Calgary,2005,Had Flu Shot,,0.27743
4806016,Calgary,2005,Daily Smokers,,0.14351
4806016,Calgary,2005,Sense of Belonging,,0.6047
4806016,Calgary,2005,Heavy Drinkers,,0.17898
4806016,Calgary,2005,Physical Activity,,0.56369
4806016,Calgary,2005,Emergency Room Visits,,417320
4806016,Calgary,2005,Post-Sec. Enrollment,,839
4806016,Calgary,2005,Post-Sec. Enrollment,,68471
4806016,Calgary,2005,K - 9 Enrollment,,112133
4806016,Calgary,2005,High School Enrollment,,43596
4806016,Calgary,2005,Fire Incidents (dollar loss),$,26586539
4806016,Calgary,2005,Fire Incidents (number of),,1220
4806016,Calgary,2005,Number of Businesses,,42184
4806016,Calgary,2006,Population,,1027816
4806016,Calgary,2006,Well Count,,0
4806016,Calgary,2006,Natural Gas Production,m3,117779
4806016,Calgary,2006,Oil Production,m3,6792
4806016,Calgary,2006,Natural Gas Reserves,m3,
4806016,Calgary,2006,All Families Income (Median),$,82600
4806016,Calgary,2006,Couple Families Income (Median),$,90000
4806016,Calgary,2006,Lone-Parent Income (Median),$,42100
4806016,Calgary,2006,Crimes (reported),,70961
4806016,Calgary,2006,Violent Crimes (reported),,9360
4806016,Calgary,2006,Labour Force,,604185
4806016,Calgary,2006,Participation Rate,,0.754
4806016,Calgary,2006,Unemployment Rate,,0.041
4806016,Calgary,2006,Employment Rate,,0.723
4806016,Calgary,2006,Building Permits (value of permits),$,4762982
4806016,Calgary,2006,Building Permits (number of permits),,20003
4806016,Calgary,2006,Housing Starts,,17046
4806016,Calgary,2006,Employment Insurance (recipients),,5965
4806016,Calgary,2006,Post Secondary (people with qualification),,364310
4806016,Calgary,2006,Non-res. Mill Rate,,13.6266
4806016,Calgary,2006,Driver's Licenses,,658858
4806016,Calgary,2006,Vehicle Registrations,,1578694
4806016,Calgary,2006,Property Assessments,$,1.02395E+11
4806016,Calgary,2006,Residential Share (of property assessments),,0.77042
4806016,Calgary,2006,New Temp. Residents,,11905
4806016,Calgary,2006,Total Temp. Residents,,11844
4806016,Calgary,2006,Dwelling Units,,408543
4806016,Calgary,2006,Net Commuter Flow,,34740
4806016,Calgary,2006,% Small Businesses,,0.9291
4806016,Calgary,2006,Residential Vacancy,,0.005
4806016,Calgary,2006,Births,,13631
4806016,Calgary,2006,Deaths,,4957
4806016,Calgary,2006,Incorporations,,17877
4806016,Calgary,2006,Average Residential Rent (2-bedroom units),$,966
4806016,Calgary,2006,Private Households by Structural Type,,384730
4806016,Calgary,2006,Single Family Houses (% of all housing units),,0.57815
4806016,Calgary,2006,Daily Vehicles (per km of road),,84919.06093
4806016,Calgary,2006,CO2 Eq. Emissions,t,3462116.765
4806016,Calgary,2006,Official Language (% spoken at home),,0.75741
4806016,Calgary,2006,% Visible Minority,,0.23524
4806016,Calgary,2006,Cattle and Calves (number of),,7689
4806016,Calgary,2006,Pigs (number of),,
4806016,Calgary,2006,% Aboriginal Population,,0.02472
4806016,Calgary,2006,Have Family Doctor,,0.82591
4806016,Calgary,2006,Overweight,,0.47527
4806016,Calgary,2006,Life Stress,,0.2179
4806016,Calgary,2006,Had Flu Shot,,0.28322
4806016,Calgary,2006,Daily Smokers,,0.14284
4806016,Calgary,2006,Sense of Belonging,,0.59932
4806016,Calgary,2006,Heavy Drinkers,,0.1783
4806016,Calgary,2006,Physical Activity,,0.56387
4806016,Calgary,2006,Aboriginal Population,,24425
4806016,Calgary,2006,Number of Farms,,112
4806016,Calgary,2006,Cropland (Acres),Acres,63502
4806016,Calgary,2006,Emergency Room Visits,,418836
4806016,Calgary,2006,Post-Sec. Enrollment,,774
4806016,Calgary,2006,Post-Sec. Enrollment,,67879
4806016,Calgary,2006,K - 9 Enrollment,,114719
4806016,Calgary,2006,High School Enrollment,,44183
4806016,Calgary,2006,Fire Incidents (dollar loss),$,38328512
4806016,Calgary,2006,Fire Incidents (number of),,1148
4806016,Calgary,2006,Number of Businesses,,43909
4806016,Calgary,2006,Non-official Language (% spoken at home),,0.2426
4806016,Calgary,2006,Official Language (spoken at home),,731910
4806016,Calgary,2006,Non-official Language (spoken at home),,234425
4806016,Calgary,2007,Population,,1052667
4806016,Calgary,2007,Well Count,,0
4806016,Calgary,2007,Natural Gas Production,m3,102813
4806016,Calgary,2007,Oil Production,m3,4722
4806016,Calgary,2007,Natural Gas Reserves,m3,
4806016,Calgary,2007,All Families Income (Median),$,87120
4806016,Calgary,2007,Couple Families Income (Median),$,94390
4806016,Calgary,2007,Lone-Parent Income (Median),$,44720
4806016,Calgary,2007,Crimes (reported),,67232
4806016,Calgary,2007,Violent Crimes (reported),,8633
4806016,Calgary,2007,Major Projects,$,24380.07778
4806016,Calgary,2007,Building Permits (value of permits),$,5509584
4806016,Calgary,2007,Building Permits (number of permits),,17593
4806016,Calgary,2007,Housing Starts,,13505
4806016,Calgary,2007,Employment Insurance (recipients),,5317
4806016,Calgary,2007,Non-res. Mill Rate,,9.923
4806016,Calgary,2007,Driver's Licenses,,672420
4806016,Calgary,2007,Vehicle Registrations,,1658060
4806016,Calgary,2007,Property Assessments,$,1.17052E+11
4806016,Calgary,2007,Residential Share (of property assessments),,0.75733
4806016,Calgary,2007,New Temp. Residents,,15020
4806016,Calgary,2007,Total Temp. Residents,,15209
4806016,Calgary,2007,Dwelling Units,,420311
4806016,Calgary,2007,% Small Businesses,,0.94484
4806016,Calgary,2007,Residential Vacancy,,0.016
4806016,Calgary,2007,Births,,14641
4806016,Calgary,2007,Deaths,,5123
4806016,Calgary,2007,Incorporations,,17894
4806016,Calgary,2007,Average Residential Rent (2-bedroom units),$,1099
4806016,Calgary,2007,Daily Vehicles (per km of road),,88868.07958
4806016,Calgary,2007,CO2 Eq. Emissions,t,3182927.516
4806016,Calgary,2007,Have Family Doctor,,0.81748
4806016,Calgary,2007,Overweight,,0.48075
4806016,Calgary,2007,Life Stress,,0.21809
4806016,Calgary,2007,Had Flu Shot,,0.28535
4806016,Calgary,2007,Daily Smokers,,0.14167
4806016,Calgary,2007,Sense of Belonging,,0.59387
4806016,Calgary,2007,Heavy Drinkers,,0.17754
4806016,Calgary,2007,Physical Activity,,0.56735
4806016,Calgary,2007,Emergency Room Visits,,413091
4806016,Calgary,2007,Post-Sec. Enrollment,,740
4806016,Calgary,2007,Post-Sec. Enrollment,,68052
4806016,Calgary,2007,K - 9 Enrollment,,115318
4806016,Calgary,2007,High School Enrollment,,44209
4806016,Calgary,2007,Fire Incidents (dollar loss),$,35319467
4806016,Calgary,2007,Fire Incidents (number of),,1007
4806016,Calgary,2007,Number of Businesses,,44521
4806016,Calgary,2008,Population,,1079960
4806016,Calgary,2008,Well Count,,74
4806016,Calgary,2008,Natural Gas Production,m3,105419.8
4806016,Calgary,2008,Oil Production,m3,5972.7
4806016,Calgary,2008,All Families Income (Median),$,90630
4806016,Calgary,2008,Couple Families Income (Median),$,98160
4806016,Calgary,2008,Lone-Parent Income (Median),$,46690
4806016,Calgary,2008,Land Title Transfers (value of transfers),$,17399513522
4806016,Calgary,2008,Land Title Transfers (number of transfers),,32362
4806016,Calgary,2008,Crimes (reported),,63787
4806016,Calgary,2008,Violent Crimes (reported),,8709
4806016,Calgary,2008,Major Projects,$,32374.07778
4806016,Calgary,2008,Building Permits (value of permits),$,3955194
4806016,Calgary,2008,Building Permits (number of permits),,14263
4806016,Calgary,2008,Housing Starts,,11438
4806016,Calgary,2008,Employment Insurance (recipients),,5867
4806016,Calgary,2008,Non-res. Mill Rate,,8.0929
4806016,Calgary,2008,Driver's Licenses,,688548
4806016,Calgary,2008,Vehicle Registrations,,1687650
4806016,Calgary,2008,Property Assessments,$,1.7206E+11
4806016,Calgary,2008,Residential Share (of property assessments),,0.76882
4806016,Calgary,2008,New Temp. Residents,,20560
4806016,Calgary,2008,Total Temp. Residents,,21038
4806016,Calgary,2008,Dwelling Units,,432997
4806016,Calgary,2008,% Small Businesses,,0.9455
4806016,Calgary,2008,Residential Vacancy,,0.022
4806016,Calgary,2008,Births,,15341
4806016,Calgary,2008,Deaths,,5258
4806016,Calgary,2008,Incorporations,,16131
4806016,Calgary,2008,Average Residential Rent (2-bedroom units),$,1156
4806016,Calgary,2008,Avg. Download Speed,Mbps,4.6369
4806016,Calgary,2008,Daily Vehicles (per km of road),,78341.47307
4806016,Calgary,2008,CO2 Eq. Emissions,t,2811625.207
4806016,Calgary,2008,Average Upload Speed,Mbps,1.1938
4806016,Calgary,2008,Have Family Doctor,,0.8095
4806016,Calgary,2008,Overweight,,0.48438
4806016,Calgary,2008,Life Stress,,0.22017
4806016,Calgary,2008,Had Flu Shot,,0.28684
4806016,Calgary,2008,Daily Smokers,,0.14004
4806016,Calgary,2008,Sense of Belonging,,0.5901
4806016,Calgary,2008,Heavy Drinkers,,0.17819
4806016,Calgary,2008,Physical Activity,,0.57283
4806016,Calgary,2008,Emergency Room Visits,,421731
4806016,Calgary,2008,Post-Sec. Enrollment,,883
4806016,Calgary,2008,Post-Sec. Enrollment,,71379
4806016,Calgary,2008,K - 9 Enrollment,,117629
4806016,Calgary,2008,High School Enrollment,,44229
4806016,Calgary,2008,Fire Incidents (dollar loss),$,62159375
4806016,Calgary,2008,Fire Incidents (number of),,1163
4806016,Calgary,2008,Number of Businesses,,44512
4806016,Calgary,2009,Population,,1107760
4806016,Calgary,2009,Natural Gas Production,m3,98899.3
4806016,Calgary,2009,Oil Production,m3,4950.8
4806016,Calgary,2009,All Families Income (Median),$,87470
4806016,Calgary,2009,Couple Families Income (Median),$,94720
4806016,Calgary,2009,Lone-Parent Income (Median),$,45740
4806016,Calgary,2009,Land Title Transfers (value of transfers),$,13051126654
4806016,Calgary,2009,Land Title Transfers (number of transfers),,28139
4806016,Calgary,2009,Crimes (reported),,61815
4806016,Calgary,2009,Violent Crimes (reported),,9041
4806016,Calgary,2009,Major Projects,$,26847.35556
4806016,Calgary,2009,Building Permits (value of permits),$,3641516
4806016,Calgary,2009,Building Permits (number of permits),,14880
4806016,Calgary,2009,Housing Starts,,6318
4806016,Calgary,2009,Employment Insurance (recipients),,18547
4806016,Calgary,2009,Non-res. Mill Rate,,8.2132
4806016,Calgary,2009,Driver's Licenses,,700112
4806016,Calgary,2009,Vehicle Registrations,,1734752
4806016,Calgary,2009,Property Assessments,$,2.22665E+11
4806016,Calgary,2009,Residential Share (of property assessments),,0.76811
4806016,Calgary,2009,New Temp. Residents,,25530
4806016,Calgary,2009,Total Temp. Residents,,28765
4806016,Calgary,2009,Dwelling Units,,438663
4806016,Calgary,2009,Bankruptcies,,1986
4806016,Calgary,2009,% Small Businesses,,0.94686
4806016,Calgary,2009,Residential Vacancy,,0.053
4806016,Calgary,2009,Births,,15387
4806016,Calgary,2009,Deaths,,5307
4806016,Calgary,2009,Incorporations,,13535
4806016,Calgary,2009,Average Residential Rent (2-bedroom units),$,1104
4806016,Calgary,2009,Avg. Download Speed,Mbps,7.786
4806016,Calgary,2009,Daily Vehicles (per km of road),,92433.52548
4806016,Calgary,2009,CO2 Eq. Emissions,t,2838245.239
4806016,Calgary,2009,Average Upload Speed,Mbps,1.0898
4806016,Calgary,2009,Have Family Doctor,,0.80305
4806016,Calgary,2009,Overweight,,0.48436
4806016,Calgary,2009,Life Stress,,0.22419
4806016,Calgary,2009,Had Flu Shot,,0.29081
4806016,Calgary,2009,Daily Smokers,,0.138
4806016,Calgary,2009,Sense of Belonging,,0.58979
4806016,Calgary,2009,Heavy Drinkers,,0.18177
4806016,Calgary,2009,Physical Activity,,0.57897
4806016,Calgary,2009,Emergency Room Visits,,445348
4806016,Calgary,2009,Post-Sec. Enrollment,,827
4806016,Calgary,2009,Post-Sec. Enrollment,,72983
4806016,Calgary,2009,K - 9 Enrollment,,119304
4806016,Calgary,2009,High School Enrollment,,45317
4806016,Calgary,2009,Fire Incidents (dollar loss),$,37752994
4806016,Calgary,2009,Fire Incidents (number of),,1116
4806016,Calgary,2009,Number of Businesses,,45161
4806016,Calgary,2009,Median Upload Speed,Mbps,0.44647
4806016,Calgary,2009,Median Download Speed,Mbps,1.07677
4806016,Calgary,2009,Average Latency,milliseconds,92.20833
4806016,Calgary,2009,Download Speed Class,Mbps,50
4806016,Calgary,2009,Upload Speed Class,Mbps,64
4806016,Calgary,2009,Latency Class,milliseconds,24
4806016,Calgary,2010,Population,,1122129
4806016,Calgary,2010,Natural Gas Production,m3,84000.6
4806016,Calgary,2010,Oil Production,m3,4212.4
4806016,Calgary,2010,All Families Income (Median),$,88400
4806016,Calgary,2010,Couple Families Income (Median),$,96020
4806016,Calgary,2010,Lone-Parent Income (Median),$,44910
4806016,Calgary,2010,Land Title Transfers (value of transfers),$,12285914256
4806016,Calgary,2010,Land Title Transfers (number of transfers),,26454
4806016,Calgary,2010,Crimes (reported),,59636
4806016,Calgary,2010,Violent Crimes (reported),,9368
4806016,Calgary,2010,Major Projects,$,23942.45556
4806016,Calgary,2010,Building Permits (value of permits),$,2868306
4806016,Calgary,2010,Building Permits (number of permits),,14902
4806016,Calgary,2010,Housing Starts,,9262
4806016,Calgary,2010,Employment Insurance (recipients),,16284
4806016,Calgary,2010,Non-res. Mill Rate,,9.9087
4806016,Calgary,2010,Driver's Licenses,,711104
4806016,Calgary,2010,Vehicle Registrations,,1734752
4806016,Calgary,2010,Property Assessments,$,2.24798E+11
4806016,Calgary,2010,Residential Share (of property assessments),,0.75185
4806016,Calgary,2010,New Temp. Residents,,21540
4806016,Calgary,2010,Total Temp. Residents,,30324
4806016,Calgary,2010,Dwelling Units,,445455
4806016,Calgary,2010,Bankruptcies,,1720
4806016,Calgary,2010,% Small Businesses,,0.94731
4806016,Calgary,2010,Residential Vacancy,,0.036
4806016,Calgary,2010,Births,,15289
4806016,Calgary,2010,Deaths,,5269
4806016,Calgary,2010,Incorporations,,14783
4806016,Calgary,2010,Average Residential Rent (2-bedroom units),$,1078.5
4806016,Calgary,2010,Avg. Download Speed,Mbps,8.2465
4806016,Calgary,2010,Daily Vehicles (per km of road),,60760.68285
4806016,Calgary,2010,CO2 Eq. Emissions,t,2646879.566
4806016,Calgary,2010,Average Upload Speed,Mbps,1.3875
4806016,Calgary,2010,New Apprentices,,2741
4806016,Calgary,2010,Total Apprentices,,10781
4806016,Calgary,2010,Have Family Doctor,,0.79929
4806016,Calgary,2010,Overweight,,0.47891
4806016,Calgary,2010,Life Stress,,0.23021
4806016,Calgary,2010,Had Flu Shot,,0.30049
4806016,Calgary,2010,Daily Smokers,,0.13559
4806016,Calgary,2010,Sense of Belonging,,0.59469
4806016,Calgary,2010,Heavy Drinkers,,0.18996
4806016,Calgary,2010,Physical Activity,,0.58449
4806016,Calgary,2010,Emergency Room Visits,,442518
4806016,Calgary,2010,Post-Sec. Enrollment,,813
4806016,Calgary,2010,Post-Sec. Enrollment,,71706
4806016,Calgary,2010,Apprentices Certified,,1913
4806016,Calgary,2010,K - 9 Enrollment,,120674
4806016,Calgary,2010,High School Enrollment,,45772
4806016,Calgary,2010,Fire Incidents (dollar loss),$,67408276
4806016,Calgary,2010,Fire Incidents (number of),,1152
4806016,Calgary,2010,Number of Businesses,,44433
4806016,Calgary,2010,Median Upload Speed,Mbps,1.0862
4806016,Calgary,2010,Median Download Speed,Mbps,2.11726
4806016,Calgary,2010,Average Latency,milliseconds,147.19318
4806016,Calgary,2010,Download Speed Class,Mbps,1476
4806016,Calgary,2010,Upload Speed Class,Mbps,1714
4806016,Calgary,2010,Latency Class,milliseconds,176
4806016,Calgary,2011,Population,,1140691
4806016,Calgary,2011,Natural Gas Production,m3,49068.1
4806016,Calgary,2011,Oil Production,m3,1677.6
4806016,Calgary,2011,Natural Gas Reserves,m3,196.83
4806016,Calgary,2011,All Families Income (Median),$,92160
4806016,Calgary,2011,Couple Families Income (Median),$,100010
4806016,Calgary,2011,Lone-Parent Income (Median),$,46720
4806016,Calgary,2011,Land Title Transfers (value of transfers),$,13364127484
4806016,Calgary,2011,Land Title Transfers (number of transfers),,27867
4806016,Calgary,2011,Crimes (reported),,55168
4806016,Calgary,2011,Violent Crimes (reported),,8753
4806016,Calgary,2011,Major Projects,$,20162.05556
4806016,Calgary,2011,Labour Force,,646465
4806016,Calgary,2011,Participation Rate,,0.741
4806016,Calgary,2011,Unemployment Rate,,0.06
4806016,Calgary,2011,Employment Rate,,0.697
4806016,Calgary,2011,Building Permits (value of permits),$,4516986
4806016,Calgary,2011,Building Permits (number of permits),,15135
4806016,Calgary,2011,Housing Starts,,9292
4806016,Calgary,2011,Employment Insurance (recipients),,11128
4806016,Calgary,2011,Post Secondary (people with qualification),,487660
4806016,Calgary,2011,Non-res. Mill Rate,,11.5099
4806016,Calgary,2011,Driver's Licenses,,726798
4806016,Calgary,2011,Vehicle Registrations,,1790714
4806016,Calgary,2011,Property Assessments,$,2.01715E+11
4806016,Calgary,2011,Residential Share (of property assessments),,0.74707
4806016,Calgary,2011,New Temp. Residents,,21825
4806016,Calgary,2011,Total Temp. Residents,,27084
4806016,Calgary,2011,Dwelling Units,,450952
4806016,Calgary,2011,Bankruptcies,,1653
4806016,Calgary,2011,Net Commuter Flow,,37155
4806016,Calgary,2011,% Small Businesses,,0.94686
4806016,Calgary,2011,Residential Vacancy,,0.02
4806016,Calgary,2011,Births,,15156
4806016,Calgary,2011,Deaths,,5252
4806016,Calgary,2011,Incorporations,,15068
4806016,Calgary,2011,Average Residential Rent (2-bedroom units),$,1093
4806016,Calgary,2011,Private Households by Structural Type,,423420
4806016,Calgary,2011,Single Family Houses (% of all housing units),,0.58749
4806016,Calgary,2011,Life Expectancy,Years,82.42503
4806016,Calgary,2011,Avg. Download Speed,Mbps,11.0465
4806016,Calgary,2011,Daily Vehicles (per km of road),,65334.48421
4806016,Calgary,2011,Air Quality (percent high-quality hours),,0.01929
4806016,Calgary,2011,CO2 Eq. Emissions,t,2954141.565
4806016,Calgary,2011,Average Upload Speed,Mbps,2.146
4806016,Calgary,2011,Official Language (% spoken at home),,0.63946
4806016,Calgary,2011,% Visible Minority,,0.30066
4806016,Calgary,2011,New Apprentices,,2981
4806016,Calgary,2011,Total Apprentices,,9793
4806016,Calgary,2011,Cattle and Calves (number of),,634
4806016,Calgary,2011,Pigs (number of),,0
4806016,Calgary,2011,% Aboriginal Population,,0.02671
4806016,Calgary,2011,Have Family Doctor,,0.79935
4806016,Calgary,2011,Overweight,,0.46629
4806016,Calgary,2011,Life Stress,,0.23833
4806016,Calgary,2011,Had Flu Shot,,0.31948
4806016,Calgary,2011,Daily Smokers,,0.13287
4806016,Calgary,2011,Sense of Belonging,,0.60647
4806016,Calgary,2011,Heavy Drinkers,,0.20478
4806016,Calgary,2011,Physical Activity,,0.58808
4806016,Calgary,2011,Aboriginal Population,,28905
4806016,Calgary,2011,Number of Farms,,55
4806016,Calgary,2011,Cropland (Acres),Acres,25634
4806016,Calgary,2011,Emergency Room Visits,,479155
4806016,Calgary,2011,Post-Sec. Enrollment,,821
4806016,Calgary,2011,Post-Sec. Enrollment,,72977
4806016,Calgary,2011,Apprentices Certified,,1757
4806016,Calgary,2011,K - 9 Enrollment,,124350
4806016,Calgary,2011,High School Enrollment,,47405
4806016,Calgary,2011,Fire Incidents (dollar loss),$,58121844
4806016,Calgary,2011,Fire Incidents (number of),,1139
4806016,Calgary,2011,Number of Businesses,,44652
4806016,Calgary,2011,Number of Farms,,55
4806016,Calgary,2011,Non-official Language (% spoken at home),,0.36054
4806016,Calgary,2011,Official Language (spoken at home),,726290
4806016,Calgary,2011,Non-official Language (spoken at home),,409495
4806016,Calgary,2011,Median Upload Speed,Mbps,1.87935
4806016,Calgary,2011,Median Download Speed,Mbps,2.461
4806016,Calgary,2011,Average Latency,milliseconds,145.93605
4806016,Calgary,2011,Download Speed Class,Mbps,940
4806016,Calgary,2011,Upload Speed Class,Mbps,1055
4806016,Calgary,2011,Latency Class,milliseconds,172
4806016,Calgary,2012,Population,,1171192
4806016,Calgary,2012,Well Count,,0
4806016,Calgary,2012,Natural Gas Production,m3,35789.2
4806016,Calgary,2012,Oil Production,m3,630.3
4806016,Calgary,2012,Natural Gas Reserves,m3,229.99
4806016,Calgary,2012,All Families Income (Median),$,96990
4806016,Calgary,2012,Couple Families Income (Median),$,104950
4806016,Calgary,2012,Lone-Parent Income (Median),$,49310
4806016,Calgary,2012,Land Title Transfers (value of transfers),$,15835757265
4806016,Calgary,2012,Land Title Transfers (number of transfers),,30954
4806016,Calgary,2012,Crimes (reported),,53461
4806016,Calgary,2012,Violent Crimes (reported),,8110
4806016,Calgary,2012,Major Projects,$,16478.8
4806016,Calgary,2012,Building Permits (value of permits),$,4380312
4806016,Calgary,2012,Building Permits (number of permits),,16158
4806016,Calgary,2012,Housing Starts,,12841
4806016,Calgary,2012,Employment Insurance (recipients),,8823
4806016,Calgary,2012,Non-res. Mill Rate,,12.3112
4806016,Calgary,2012,Driver's Licenses,,751130
4806016,Calgary,2012,Vehicle Registrations,,1868592
4806016,Calgary,2012,Property Assessments,$,2.1517E+11
4806016,Calgary,2012,Residential Share (of property assessments),,0.77171
4806016,Calgary,2012,New Temp. Residents,,24280
4806016,Calgary,2012,Total Temp. Residents,,27125
4806016,Calgary,2012,Dwelling Units,,459339
4806016,Calgary,2012,Bankruptcies,,1470
4806016,Calgary,2012,% Small Businesses,,0.94649
4806016,Calgary,2012,Residential Vacancy,,0.013
4806016,Calgary,2012,Births,,15656
4806016,Calgary,2012,Deaths,,5409
4806016,Calgary,2012,Incorporations,,14871
4806016,Calgary,2012,Average Residential Rent (2-bedroom units),$,1158.5
4806016,Calgary,2012,Life Expectancy,Years,82.60029
4806016,Calgary,2012,Avg. Download Speed,Mbps,14.4695
4806016,Calgary,2012,Daily Vehicles (per km of road),,66817.10119
4806016,Calgary,2012,Air Quality (percent high-quality hours),,0.0221
4806016,Calgary,2012,CO2 Eq. Emissions,t,3235003.125
4806016,Calgary,2012,Average Upload Speed,Mbps,2.7793
4806016,Calgary,2012,New Apprentices,,3553
4806016,Calgary,2012,Total Apprentices,,10147
4806016,Calgary,2012,Have Family Doctor,,0.81188
4806016,Calgary,2012,Overweight,,0.47095
4806016,Calgary,2012,Life Stress,,0.23879
4806016,Calgary,2012,Had Flu Shot,,0.29543
4806016,Calgary,2012,Daily Smokers,,0.13443
4806016,Calgary,2012,Sense of Belonging,,0.6171
4806016,Calgary,2012,Heavy Drinkers,,0.19591
4806016,Calgary,2012,Physical Activity,,0.5755
4806016,Calgary,2012,Emergency Room Visits,,513413
4806016,Calgary,2012,Post-Sec. Enrollment,,804
4806016,Calgary,2012,Post-Sec. Enrollment,,73838
4806016,Calgary,2012,Apprentices Certified,,1558
4806016,Calgary,2012,K - 9 Enrollment,,130154
4806016,Calgary,2012,High School Enrollment,,48268
4806016,Calgary,2012,Fire Incidents (dollar loss),$,83616170
4806016,Calgary,2012,Fire Incidents (number of),,1094
4806016,Calgary,2012,Number of Businesses,,45710
4806016,Calgary,2012,Median Upload Speed,Mbps,3.89521
4806016,Calgary,2012,Median Download Speed,Mbps,3.56934
4806016,Calgary,2012,Average Latency,milliseconds,122.16352
4806016,Calgary,2012,Download Speed Class,Mbps,877
4806016,Calgary,2012,Upload Speed Class,Mbps,969
4806016,Calgary,2012,Latency Class,milliseconds,159
4806016,Calgary,2013,Population,,1208313
4806016,Calgary,2013,Natural Gas Production,m3,28185.4
4806016,Calgary,2013,Oil Production,m3,653.2
4806016,Calgary,2013,Natural Gas Reserves,m3,227.43
4806016,Calgary,2013,All Families Income (Median),$,99850
4806016,Calgary,2013,Couple Families Income (Median),$,107780
4806016,Calgary,2013,Lone-Parent Income (Median),$,50940
4806016,Calgary,2013,Land Title Transfers (value of transfers),$,19531871312
4806016,Calgary,2013,Land Title Transfers (number of transfers),,32553
4806016,Calgary,2013,Crimes (reported),,53591
4806016,Calgary,2013,Violent Crimes (reported),,8099
4806016,Calgary,2013,Major Projects,$,19591.8
4806016,Calgary,2013,Building Permits (value of permits),$,6013531
4806016,Calgary,2013,Building Permits (number of permits),,17490
4806016,Calgary,2013,Housing Starts,,12584
4806016,Calgary,2013,Employment Insurance (recipients),,9191
4806016,Calgary,2013,Non-res. Mill Rate,,10.9913
4806016,Calgary,2013,Driver's Licenses,,775631
4806016,Calgary,2013,Vehicle Registrations,,1944386
4806016,Calgary,2013,Property Assessments,$,2.15201E+11
4806016,Calgary,2013,Residential Share (of property assessments),,0.76277
4806016,Calgary,2013,New Temp. Residents,,25745
4806016,Calgary,2013,Total Temp. Residents,,29070
4806016,Calgary,2013,Dwelling Units,,468358
4806016,Calgary,2013,Bankruptcies,,1099
4806016,Calgary,2013,% Small Businesses,,0.94752
4806016,Calgary,2013,Residential Vacancy,,0.01
4806016,Calgary,2013,Births,,15803
4806016,Calgary,2013,Deaths,,5687
4806016,Calgary,2013,Incorporations,,14876
4806016,Calgary,2013,Average Residential Rent (2-bedroom units),$,1232
4806016,Calgary,2013,Life Expectancy,Years,82.70878
4806016,Calgary,2013,Avg. Download Speed,Mbps,17.9886
4806016,Calgary,2013,Daily Vehicles (per km of road),,68479.425
4806016,Calgary,2013,Air Quality (percent high-quality hours),,0.02328
4806016,Calgary,2013,CO2 Eq. Emissions,t,3920532.272
4806016,Calgary,2013,Average Upload Speed,Mbps,3.3931
4806016,Calgary,2013,New Apprentices,,3857
4806016,Calgary,2013,Total Apprentices,,10929
4806016,Calgary,2013,Have Family Doctor,,0.8095
4806016,Calgary,2013,Overweight,,0.48396
4806016,Calgary,2013,Life Stress,,0.21831
4806016,Calgary,2013,Had Flu Shot,,0.30912
4806016,Calgary,2013,Daily Smokers,,0.12393
4806016,Calgary,2013,Sense of Belonging,,0.61688
4806016,Calgary,2013,Heavy Drinkers,,0.20269
4806016,Calgary,2013,Physical Activity,,0.59104
4806016,Calgary,2013,Emergency Room Visits,,558609
4806016,Calgary,2013,Post-Sec. Enrollment,,728
4806016,Calgary,2013,Post-Sec. Enrollment,,73493
4806016,Calgary,2013,Apprentices Certified,,1404
4806016,Calgary,2013,K - 9 Enrollment,,136587
4806016,Calgary,2013,High School Enrollment,,48274
4806016,Calgary,2013,Fire Incidents (dollar loss),$,60795518
4806016,Calgary,2013,Fire Incidents (number of),,1068
4806016,Calgary,2013,Number of Businesses,,49368
4806016,Calgary,2013,Median Upload Speed,Mbps,0.80302
4806016,Calgary,2013,Median Download Speed,Mbps,5.53471
4806016,Calgary,2013,Average Latency,milliseconds,150.92233
4806016,Calgary,2013,Download Speed Class,Mbps,1452
4806016,Calgary,2013,Upload Speed Class,Mbps,1915
4806016,Calgary,2013,Latency Class,milliseconds,205
4806016,Calgary,2014,Population,,1242004
4806016,Calgary,2014,Natural Gas Production,m3,38678.7
4806016,Calgary,2014,Oil Production,m3,676.9
4806016,Calgary,2014,Natural Gas Reserves,m3,262.3
4806016,Calgary,2014,All Families Income (Median),$,102890
4806016,Calgary,2014,Couple Families Income (Median),$,110720
4806016,Calgary,2014,Lone-Parent Income (Median),$,52780
4806016,Calgary,2014,Land Title Transfers (value of transfers),$,19877587338
4806016,Calgary,2014,Land Title Transfers (number of transfers),,35220
4806016,Calgary,2014,Crimes (reported),,54572
4806016,Calgary,2014,Violent Crimes (reported),,8962
4806016,Calgary,2014,Major Projects,$,20545.9
4806016,Calgary,2014,Building Permits (value of permits),$,6176990
4806016,Calgary,2014,Building Permits (number of permits),,17897
4806016,Calgary,2014,Housing Starts,,17131
4806016,Calgary,2014,Employment Insurance (recipients),,9093
4806016,Calgary,2014,Non-res. Mill Rate,,10.6938
4806016,Calgary,2014,Driver's Licenses,,800471
4806016,Calgary,2014,Vehicle Registrations,,2010218
4806016,Calgary,2014,Property Assessments,$,2.34712E+11
4806016,Calgary,2014,Residential Share (of property assessments),,0.73583
4806016,Calgary,2014,New Temp. Residents,,27330
4806016,Calgary,2014,Total Temp. Residents,,34954
4806016,Calgary,2014,Dwelling Units,,478223
4806016,Calgary,2014,Bankruptcies,,786
4806016,Calgary,2014,% Small Businesses,,0.94501
4806016,Calgary,2014,Residential Vacancy,,0.014
4806016,Calgary,2014,Births,,16495
4806016,Calgary,2014,Deaths,,6329
4806016,Calgary,2014,Incorporations,,16104
4806016,Calgary,2014,Average Residential Rent (2-bedroom units),$,1349
4806016,Calgary,2014,Life Expectancy,Years,82.89495
4806016,Calgary,2014,Avg. Download Speed,Mbps,24.4128
4806016,Calgary,2014,Air Quality (percent high-quality hours),,0.05903
4806016,Calgary,2014,CO2 Eq. Emissions,t,3964128.881
4806016,Calgary,2014,Average Upload Speed,Mbps,6.0015
4806016,Calgary,2014,New Apprentices,,4443
4806016,Calgary,2014,Total Apprentices,,12130
4806016,Calgary,2014,Have Family Doctor,,0.82029
4806016,Calgary,2014,Overweight,,0.46415
4806016,Calgary,2014,Life Stress,,0.21594
4806016,Calgary,2014,Had Flu Shot,,0.34676
4806016,Calgary,2014,Daily Smokers,,0.11747
4806016,Calgary,2014,Sense of Belonging,,0.63272
4806016,Calgary,2014,Heavy Drinkers,,0.19553
4806016,Calgary,2014,Physical Activity,,0.5895
4806016,Calgary,2014,Immunization by Age 2 (% w/ DTap-IPV-Hib Dose 4),,0.81381
4806016,Calgary,2014,Emergency Room Visits,,568961
4806016,Calgary,2014,Post-Sec. Enrollment,,718
4806016,Calgary,2014,Post-Sec. Enrollment,,72138
4806016,Calgary,2014,Apprentices Certified,,1550
4806016,Calgary,2014,K - 9 Enrollment,,141966
4806016,Calgary,2014,High School Enrollment,,48293
4806016,Calgary,2014,Fire Incidents (dollar loss),$,56289012
4806016,Calgary,2014,Fire Incidents (number of),,1068
4806016,Calgary,2014,Number of Businesses,,48428
4806016,Calgary,2014,Median Upload Speed,Mbps,0.60352
4806016,Calgary,2014,Median Download Speed,Mbps,6.36945
4806016,Calgary,2014,Average Latency,milliseconds,164.35094
4806016,Calgary,2014,Download Speed Class,Mbps,3049
4806016,Calgary,2014,Upload Speed Class,Mbps,4686
4806016,Calgary,2014,Latency Class,milliseconds,264
4806016,Calgary,2015,Population,,1261453
4806016,Calgary,2015,Natural Gas Production,m3,20887.7
4806016,Calgary,2015,Oil Production,m3,629.9
4806016,Calgary,2015,Natural Gas Reserves,m3,261.1
4806016,Calgary,2015,All Families Income (Median),$,102700
4806016,Calgary,2015,Couple Families Income (Median),$,110620
4806016,Calgary,2015,Lone-Parent Income (Median),$,53210
4806016,Calgary,2015,Land Title Transfers (value of transfers),$,15817520757
4806016,Calgary,2015,Land Title Transfers (number of transfers),,28919
4806016,Calgary,2015,Crimes (reported),,68521
4806016,Calgary,2015,Violent Crimes (reported),,9641
4806016,Calgary,2015,Major Projects,$,17759
4806016,Calgary,2015,Building Permits (value of permits),$,6154060
4806016,Calgary,2015,Building Permits (number of permits),,14599
4806016,Calgary,2015,Housing Starts,,13033
4806016,Calgary,2015,Employment Insurance (recipients),,14845
4806016,Calgary,2015,Non-res. Mill Rate,,10.7367
4806016,Calgary,2015,Driver's Licenses,,815133
4806016,Calgary,2015,Vehicle Registrations,,2014798
4806016,Calgary,2015,Property Assessments,$,2.54553E+11
4806016,Calgary,2015,Residential Share (of property assessments),,0.72903
4806016,Calgary,2015,New Perm. Residents,,21230
4806016,Calgary,2015,Dwelling Units,,492623
4806016,Calgary,2015,Bankruptcies,,1228
4806016,Calgary,2015,% Small Businesses,,0.94562
4806016,Calgary,2015,Residential Vacancy,,0.051
4806016,Calgary,2015,Births,,16647
4806016,Calgary,2015,Deaths,,5884
4806016,Calgary,2015,Incorporations,,14664
4806016,Calgary,2015,Average Residential Rent (2-bedroom units),$,1355
4806016,Calgary,2015,Life Expectancy,Years,83.01975
4806016,Calgary,2015,Air Quality (percent high-quality hours),,0.05731
4806016,Calgary,2015,CO2 Eq. Emissions,t,5230450.764
4806016,Calgary,2015,New Apprentices,,3343
4806016,Calgary,2015,Total Apprentices,,12082
4806016,Calgary,2015,Overweight,,0.55461
4806016,Calgary,2015,Life Stress,,0.22326
4806016,Calgary,2015,Had Flu Shot,,0.39685
4806016,Calgary,2015,Daily Smokers,,0.13978
4806016,Calgary,2015,Physical Activity,,0.72723
4806016,Calgary,2015,Immunization by Age 2 (% w/ DTap-IPV-Hib Dose 4),,0.80743
4806016,Calgary,2015,Emergency Room Visits,,560843
4806016,Calgary,2015,Post-Sec. Enrollment,,754
4806016,Calgary,2015,Post-Sec. Enrollment,,75032
4806016,Calgary,2015,Apprentices Certified,,1545
4806016,Calgary,2015,K - 9 Enrollment,,146249
4806016,Calgary,2015,High School Enrollment,,49042
4806016,Calgary,2015,Number of Businesses,,48899
4806016,Calgary,2015,Median Upload Speed,Mbps,1.54944
4806016,Calgary,2015,Median Download Speed,Mbps,7.58552
4806016,Calgary,2015,Average Latency,milliseconds,282.56061
4806016,Calgary,2015,Download Speed Class,Mbps,19601
4806016,Calgary,2015,Upload Speed Class,Mbps,21937
4806016,Calgary,2015,Latency Class,milliseconds,462
4806016,Calgary,2016,Population,,1278707
4806016,Calgary,2016,Natural Gas Production,m3,14697.3
4806016,Calgary,2016,Oil Production,m3,535.4
4806016,Calgary,2016,Natural Gas Reserves,m3,253.99
4806016,Calgary,2016,All Families Income (Median),$,98620
4806016,Calgary,2016,Couple Families Income (Median),$,106000
4806016,Calgary,2016,Lone-Parent Income (Median),$,52870
4806016,Calgary,2016,Land Title Transfers (value of transfers),$,13396889362
4806016,Calgary,2016,Land Title Transfers (number of transfers),,23152
4806016,Calgary,2016,Crimes (reported),,72505
4806016,Calgary,2016,Violent Crimes (reported),,10330
4806016,Calgary,2016,Major Projects,$,20547.7
4806016,Calgary,2016,Labour Force,,728330
4806016,Calgary,2016,Participation Rate,,0.731
4806016,Calgary,2016,Unemployment Rate,,0.095
4806016,Calgary,2016,Employment Rate,,0.662
4806016,Calgary,2016,Building Permits (value of permits),$,4611380
4806016,Calgary,2016,Building Permits (number of permits),,14060
4806016,Calgary,2016,Housing Starts,,9245
4806016,Calgary,2016,Employment Insurance (recipients),,25292
4806016,Calgary,2016,Post Secondary (people with qualification),,604225
4806016,Calgary,2016,Non-res. Mill Rate,,12.1545
4806016,Calgary,2016,Driver's Licenses,,814888
4806016,Calgary,2016,Vehicle Registrations,,1980288
4806016,Calgary,2016,Property Assessments,$,2.82867E+11
4806016,Calgary,2016,Residential Share (of property assessments),,0.7403
4806016,Calgary,2016,New Perm. Residents,,20895
4806016,Calgary,2016,Dwelling Units,,499222
4806016,Calgary,2016,Bankruptcies,,1386
4806016,Calgary,2016,Net Commuter Flow,,26080
4806016,Calgary,2016,% Small Businesses,,0.94646
4806016,Calgary,2016,Residential Vacancy,,0.07
4806016,Calgary,2016,Births,,16514
4806016,Calgary,2016,Deaths,,6197
4806016,Calgary,2016,Incorporations,,14737
4806016,Calgary,2016,Average Residential Rent (2-bedroom units),$,1242
4806016,Calgary,2016,Private Households by Structural Type,,466720
4806016,Calgary,2016,Single Family Houses (% of all housing units),,0.56339
4806016,Calgary,2016,Life Expectancy,Years,83.14508
4806016,Calgary,2016,Air Quality (percent high-quality hours),,0.1126
4806016,Calgary,2016,CO2 Eq. Emissions,t,5859319.278
4806016,Calgary,2016,Official Language (% spoken at home),,0.82703
4806016,Calgary,2016,% Visible Minority,,0.35715
4806016,Calgary,2016,New Apprentices,,2605
4806016,Calgary,2016,Total Apprentices,,10940
4806016,Calgary,2016,Cattle and Calves (number of),,9245
4806016,Calgary,2016,Pigs (number of),,
4806016,Calgary,2016,% Aboriginal Population,,0.0284
4806016,Calgary,2016,Overweight,,0.54184
4806016,Calgary,2016,Life Stress,,0.23136
4806016,Calgary,2016,Had Flu Shot,,0.37229
4806016,Calgary,2016,Daily Smokers,,0.14331
4806016,Calgary,2016,Physical Activity,,0.75244
4806016,Calgary,2016,Aboriginal Population,,35195
4806016,Calgary,2016,Number of Farms,,145
4806016,Calgary,2016,Cropland (Acres),Acres,40952
4806016,Calgary,2016,Immunization by Age 2 (% w/ DTap-IPV-Hib Dose 4),,0.81821
4806016,Calgary,2016,Post-Sec. Enrollment,,750
4806016,Calgary,2016,Post-Sec. Enrollment,,75059
4806016,Calgary,2016,Apprentices Certified,,1566
4806016,Calgary,2016,K - 9 Enrollment,,149113
4806016,Calgary,2016,High School Enrollment,,51176
4806016,Calgary,2016,Number of Businesses,,48203
4806016,Calgary,2016,Number of Farms,,145
4806016,Calgary,2016,Non-official Language (% spoken at home),,0.17296
4806016,Calgary,2016,Official Language (spoken at home),,1015585
4806016,Calgary,2016,Non-official Language (spoken at home),,212405
4806016,Calgary,2016,Median Upload Speed,Mbps,2.69727
4806016,Calgary,2016,Median Download Speed,Mbps,9.73725
4806016,Calgary,2016,Average Latency,milliseconds,492.4077
4806016,Calgary,2016,Download Speed Class,Mbps,102026
4806016,Calgary,2016,Upload Speed Class,Mbps,90236
4806016,Calgary,2016,Latency Class,milliseconds,763
4806016,Calgary,2017,Population,,1289970
4806016,Calgary,2017,Natural Gas Production,m3,604
4806016,Calgary,2017,Oil Production,m3,442.6
4806016,Calgary,2017,Natural Gas Reserves,m3,66.5
4806016,Calgary,2017,All Families Income (Median),$,100320
4806016,Calgary,2017,Couple Families Income (Median),$,108470
4806016,Calgary,2017,Lone-Parent Income (Median),$,51760
4806016,Calgary,2017,Land Title Transfers (value of transfers),$,15546723916
4806016,Calgary,2017,Land Title Transfers (number of transfers),,27699
4806016,Calgary,2017,Crimes (reported),,75238
4806016,Calgary,2017,Violent Crimes (reported),,11704
4806016,Calgary,2017,Major Projects,$,15847.1
4806016,Calgary,2017,Building Permits (value of permits),$,4431644
4806016,Calgary,2017,Building Permits (number of permits),,10579
4806016,Calgary,2017,Housing Starts,,11534
4806016,Calgary,2017,Employment Insurance (recipients),,22173
4806016,Calgary,2017,Non-res. Mill Rate,,13.8819
4806016,Calgary,2017,Driver's Licenses,,821972
4806016,Calgary,2017,Vehicle Registrations,,2001134
4806016,Calgary,2017,Property Assessments,$,2.84251E+11
4806016,Calgary,2017,Residential Share (of property assessments),,0.74297
4806016,Calgary,2017,New Perm. Residents,,17365
4806016,Calgary,2017,Dwelling Units,,506392
4806016,Calgary,2017,Bankruptcies,,685
4806016,Calgary,2017,% Small Businesses,,0.94768
4806016,Calgary,2017,Residential Vacancy,,0.063
4806016,Calgary,2017,Births,,15918
4806016,Calgary,2017,Deaths,,6576
4806016,Calgary,2017,Incorporations,,15412
4806016,Calgary,2017,Average Residential Rent (2-bedroom units),$,1235
4806016,Calgary,2017,Life Expectancy,Years,83.19351
4806016,Calgary,2017,Air Quality (percent high-quality hours),,0.0145
4806016,Calgary,2017,CO2 Eq. Emissions,t,6770315.407
4806016,Calgary,2017,New Apprentices,,2459
4806016,Calgary,2017,Total Apprentices,,9899
4806016,Calgary,2017,Overweight,,0.49318
4806016,Calgary,2017,Life Stress,,0.20866
4806016,Calgary,2017,Had Flu Shot,,0.38579
4806016,Calgary,2017,Daily Smokers,,0.14688
4806016,Calgary,2017,Physical Activity,,0.7569
4806016,Calgary,2017,Immunization by Age 2 (% w/ DTap-IPV-Hib Dose 4),,0.81509
4806016,Calgary,2017,Post-Sec. Enrollment,,722
4806016,Calgary,2017,Post-Sec. Enrollment,,75610
4806016,Calgary,2017,Apprentices Certified,,1556
4806016,Calgary,2017,K - 9 Enrollment,,153260
4806016,Calgary,2017,High School Enrollment,,50233
4806016,Calgary,2017,Number of Businesses,,47226
4806016,Calgary,2017,Median Upload Speed,Mbps,3.9876
4806016,Calgary,2017,Median Download Speed,Mbps,10.19961
4806016,Calgary,2017,Average Latency,milliseconds,590.20038
4806016,Calgary,2017,Download Speed Class,Mbps,305136
4806016,Calgary,2017,Upload Speed Class,Mbps,240554
4806016,Calgary,2017,Latency Class,milliseconds,1090
4806016,Calgary,2018,Population,,1306586
4806016,Calgary,2018,Natural Gas Production,m3,461.3
4806016,Calgary,2018,Oil Production,m3,437.7
4806016,Calgary,2018,Natural Gas Reserves,m3,66.41
4806016,Calgary,2018,All Families Income (Median),$,102570
4806016,Calgary,2018,Couple Families Income (Median),$,110760
4806016,Calgary,2018,Lone-Parent Income (Median),$,53190
4806016,Calgary,2018,Land Title Transfers (value of transfers),$,14864681299
4806016,Calgary,2018,Land Title Transfers (number of transfers),,25109
4806016,Calgary,2018,Major Projects,$,17280
4806016,Calgary,2018,Building Permits (value of permits),$,4410250
4806016,Calgary,2018,Building Permits (number of permits),,15217
4806016,Calgary,2018,Housing Starts,,10971
4806016,Calgary,2018,Employment Insurance (recipients),,15561
4806016,Calgary,2018,Non-res. Mill Rate,,15.3234
4806016,Calgary,2018,Driver's Licenses,,834875
4806016,Calgary,2018,Vehicle Registrations,,2043236
4806016,Calgary,2018,Property Assessments,$,2.74596E+11
4806016,Calgary,2018,Residential Share (of property assessments),,0.75028
4806016,Calgary,2018,New Perm. Residents,,18515
4806016,Calgary,2018,Dwelling Units,,515391
4806016,Calgary,2018,Bankruptcies,,1311
4806016,Calgary,2018,% Small Businesses,,0.94572
4806016,Calgary,2018,Residential Vacancy,,0.039
4806016,Calgary,2018,Births,,15368
4806016,Calgary,2018,Deaths,,6599
4806016,Calgary,2018,Incorporations,,15789
4806016,Calgary,2018,Average Residential Rent (2-bedroom units),$,1262
4806016,Calgary,2018,Life Expectancy,Years,83.25411
4806016,Calgary,2018,Air Quality (percent high-quality hours),,0.0459
4806016,Calgary,2018,CO2 Eq. Emissions,t,7813541.732
4806016,Calgary,2018,New Apprentices,,2756
4806016,Calgary,2018,Total Apprentices,,9646
4806016,Calgary,2018,Immunization by Age 2 (% w/ DTap-IPV-Hib Dose 4),,0.82091
4806016,Calgary,2018,Post-Sec. Enrollment,,745
4806016,Calgary,2018,Post-Sec. Enrollment,,76907
4806016,Calgary,2018,Apprentices Certified,,1587
4806016,Calgary,2018,K - 9 Enrollment,,156850
4806016,Calgary,2018,High School Enrollment,,49490
4806016,Calgary,2018,Number of Businesses,,47737
4806016,Calgary,2018,Median Upload Speed,Mbps,6.34875
4806016,Calgary,2018,Median Download Speed,Mbps,16.28973
4806016,Calgary,2018,Average Latency,milliseconds,567.865
4806016,Calgary,2018,Download Speed Class,Mbps,454214
4806016,Calgary,2018,Upload Speed Class,Mbps,424693
4806016,Calgary,2018,Latency Class,milliseconds,1092
4806016,Calgary,2019,Population,,1330058
4806016,Calgary,2019,Natural Gas Production,m3,491.2
4806016,Calgary,2019,Oil Production,m3,400.8
4806016,Calgary,2019,Natural Gas Reserves,m3,27.04
4806016,Calgary,2019,All Families Income (Median),$,104360
4806016,Calgary,2019,Couple Families Income (Median),$,112490
4806016,Calgary,2019,Lone-Parent Income (Median),$,55790
4806016,Calgary,2019,Land Title Transfers (value of transfers),$,13453280045
4806016,Calgary,2019,Land Title Transfers (number of transfers),,24135
4806016,Calgary,2019,Major Projects,$,18270.3
4806016,Calgary,2019,Building Permits (value of permits),$,4646679
4806016,Calgary,2019,Building Permits (number of permits),,14188
4806016,Calgary,2019,Housing Starts,,11909
4806016,Calgary,2019,Employment Insurance (recipients),,14144
4806016,Calgary,2019,Non-res. Mill Rate,,17.775
4806016,Calgary,2019,Driver's Licenses,,840859
4806016,Calgary,2019,Vehicle Registrations,,2030208
4806016,Calgary,2019,Property Assessments,$,2.81658E+11
4806016,Calgary,2019,Residential Share (of property assessments),,0.76505
4806016,Calgary,2019,New Perm. Residents,,19145
4806016,Calgary,2019,Dwelling Units,,521257
4806016,Calgary,2019,Bankruptcies,,1766
4806016,Calgary,2019,% Small Businesses,,0.94666
4806016,Calgary,2019,Residential Vacancy,,0.04
4806016,Calgary,2019,Births,,15418
4806016,Calgary,2019,Deaths,,6056
4806016,Calgary,2019,Incorporations,,13889
4806016,Calgary,2019,Average Residential Rent (2-bedroom units),$,1295
4806016,Calgary,2019,Life Expectancy,Years,83.40261
4806016,Calgary,2019,Air Quality (percent high-quality hours),,0.03551
4806016,Calgary,2019,CO2 Eq. Emissions,t,7944549.143
4806016,Calgary,2019,New Apprentices,,2392
4806016,Calgary,2019,Total Apprentices,,8954
4806016,Calgary,2019,Immunization by Age 2 (% w/ DTap-IPV-Hib Dose 4),,0.82008
4806016,Calgary,2019,Post-Sec. Enrollment,,771
4806016,Calgary,2019,Post-Sec. Enrollment,,76219
4806016,Calgary,2019,Apprentices Certified,,1475
4806016,Calgary,2019,K - 9 Enrollment,,160803
4806016,Calgary,2019,High School Enrollment,,50284
4806016,Calgary,2019,Number of Businesses,,47878
4806016,Calgary,2019,Median Upload Speed,Mbps,8.56252
4806016,Calgary,2019,Median Download Speed,Mbps,20.97904
4806016,Calgary,2019,Average Latency,milliseconds,642.34465
4806016,Calgary,2019,Download Speed Class,Mbps,612888
4806016,Calgary,2019,Upload Speed Class,Mbps,638201
4806016,Calgary,2019,Latency Class,milliseconds,1207
4806016,Calgary,2020,Population,,1351294
4806016,Calgary,2020,Natural Gas Production,m3,748.3
4806016,Calgary,2020,Oil Production,m3,380.8
4806016,Calgary,2020,Natural Gas Reserves,m3,26.95
4806016,Calgary,2020,All Families Income (Median),$,102000
4806016,Calgary,2020,Couple Families Income (Median),$,92000
4806016,Calgary,2020,Lone-Parent Income (Median),$,68500
4806016,Calgary,2020,Land Title Transfers (value of transfers),$,12163643622
4806016,Calgary,2020,Land Title Transfers (number of transfers),,23140
4806016,Calgary,2020,Major Projects,$,16793.25
4806016,Calgary,2020,Building Permits (value of permits),$,4386609
4806016,Calgary,2020,Building Permits (number of permits),,16507
4806016,Calgary,2020,Housing Starts,,9235
4806016,Calgary,2020,Employment Insurance (recipients),,23957
4806016,Calgary,2020,Non-res. Mill Rate,,15.8278
4806016,Calgary,2020,Driver's Licenses,,844974
4806016,Calgary,2020,Vehicle Registrations,,2013020
4806016,Calgary,2020,Property Assessments,$,2.76288E+11
4806016,Calgary,2020,Residential Share (of property assessments),,0.78398
4806016,Calgary,2020,New Perm. Residents,,10365
4806016,Calgary,2020,Dwelling Units,,530767
4806016,Calgary,2020,Bankruptcies,,1106
4806016,Calgary,2020,% Small Businesses,,0.94769
4806016,Calgary,2020,Residential Vacancy,,0.063
4806016,Calgary,2020,Births,,14414
4806016,Calgary,2020,Deaths,,6756
4806016,Calgary,2020,Incorporations,,13785
4806016,Calgary,2020,Average Residential Rent (2-bedroom units),$,1318.5
4806016,Calgary,2020,Life Expectancy,Years,83.37397
4806016,Calgary,2020,Air Quality (percent high-quality hours),,0.09802
4806016,Calgary,2020,CO2 Eq. Emissions,t,8002386.547
4806016,Calgary,2020,New Apprentices,,1594
4806016,Calgary,2020,Total Apprentices,,9026
4806016,Calgary,2020,Immunization by Age 2 (% w/ DTap-IPV-Hib Dose 4),,0.81945
4806016,Calgary,2020,Post-Sec. Enrollment,,721
4806016,Calgary,2020,Post-Sec. Enrollment,,74881
4806016,Calgary,2020,Apprentices Certified,,856
4806016,Calgary,2020,K - 9 Enrollment,,156896
4806016,Calgary,2020,High School Enrollment,,50431
4806016,Calgary,2020,Number of Businesses,,47910
4806016,Calgary,2020,Median Upload Speed,Mbps,10.45093
4806016,Calgary,2020,Median Download Speed,Mbps,41.79596
4806016,Calgary,2020,Average Latency,milliseconds,50.61172
4806016,Calgary,2020,Download Speed Class,Mbps,1156269
4806016,Calgary,2020,Upload Speed Class,Mbps,964082
4806016,Calgary,2020,Latency Class,milliseconds,172385
4806016,Calgary,2021,Population,,1356293
4806016,Calgary,2021,Natural Gas Production,m3,623.3
4806016,Calgary,2021,Oil Production,m3,388.3
4806016,Calgary,2021,Natural Gas Reserves,m3,26.83
4806016,Calgary,2021,All Families Income (Median),$,107900
4806016,Calgary,2021,Couple Families Income (Median),$,116370
4806016,Calgary,2021,Lone-Parent Income (Median),$,58320
4806016,Calgary,2021,Land Title Transfers (value of transfers),$,16327872485
4806016,Calgary,2021,Land Title Transfers (number of transfers),,29195
4806016,Calgary,2021,Major Projects,$,18409.75714
4806016,Calgary,2021,Labour Force,,730065
4806016,Calgary,2021,Participation Rate,,0.69
4806016,Calgary,2021,Unemployment Rate,,0.13
4806016,Calgary,2021,Employment Rate,,0.61
4806016,Calgary,2021,Building Permits (value of permits),$,5894018
4806016,Calgary,2021,Building Permits (number of permits),,17384
4806016,Calgary,2021,Housing Starts,,15017
4806016,Calgary,2021,Employment Insurance (recipients),,58577
4806016,Calgary,2021,Post Secondary (people with qualification),,612515
4806016,Calgary,2021,Non-res. Mill Rate,,16.513
4806016,Calgary,2021,Driver's Licenses,,867266
4806016,Calgary,2021,Vehicle Registrations,,1002670
4806016,Calgary,2021,Property Assessments,$,2.72626E+11
4806016,Calgary,2021,Residential Share (of property assessments),,0.77252
4806016,Calgary,2021,New Perm. Residents,,17400
4806016,Calgary,2021,Dwelling Units,,540648
4806016,Calgary,2021,Bankruptcies,,903
4806016,Calgary,2021,Net Commuter Flow,,9650
4806016,Calgary,2021,% Small Businesses,,0.94984
4806016,Calgary,2021,Residential Vacancy,,0.049
4806016,Calgary,2021,Births,,14839
4806016,Calgary,2021,Deaths,,7736
4806016,Calgary,2021,Incorporations,,16331
4806016,Calgary,2021,Average Residential Rent (2-bedroom units),$,1347.25
4806016,Calgary,2021,Private Households by Structural Type,,502305
4806016,Calgary,2021,Single Family Houses (% of all housing units),,0.54958
4806016,Calgary,2021,Life Expectancy,Years,83.30777
4806016,Calgary,2021,Air Quality (percent high-quality hours),,0.44297
4806016,Calgary,2021,CO2 Eq. Emissions,t,8293637.755
4806016,Calgary,2021,Official Language (% spoken at home),,0.80207
4806016,Calgary,2021,% Visible Minority,,0.38984
4806016,Calgary,2021,New Apprentices,,2422
4806016,Calgary,2021,Total Apprentices,,8038
4806016,Calgary,2021,Cattle and Calves (number of),,10217
4806016,Calgary,2021,Pigs (number of),,
4806016,Calgary,2021,% Aboriginal Population,,0.03201
4806016,Calgary,2021,Aboriginal Population,,41355
4806016,Calgary,2021,Number of Farms,,120
4806016,Calgary,2021,Cropland (Acres),Acres,23945
4806016,Calgary,2021,Immunization by Age 2 (% w/ DTap-IPV-Hib Dose 4),,0.80107
4806016,Calgary,2021,Post-Sec. Enrollment,,730
4806016,Calgary,2021,Post-Sec. Enrollment,,74227
4806016,Calgary,2021,Apprentices Certified,,1206
4806016,Calgary,2021,K - 9 Enrollment,,161516
4806016,Calgary,2021,High School Enrollment,,50247
4806016,Calgary,2021,Number of Businesses,,47505
4806016,Calgary,2021,Number of Farms,,120
4806016,Calgary,2021,Non-official Language (% spoken at home),,0.19792
4806016,Calgary,2021,Official Language (spoken at home),,983495
4806016,Calgary,2021,Non-official Language (spoken at home),,242700
4806016,Calgary,2021,Median Upload Speed,Mbps,11.31194
4806016,Calgary,2021,Median Download Speed,Mbps,60.68709
4806016,Calgary,2021,Average Latency,milliseconds,85.74292
4806016,Calgary,2021,Download Speed Class,Mbps,1165196
4806016,Calgary,2021,Upload Speed Class,Mbps,837655
4806016,Calgary,2021,Latency Class,milliseconds,176676
4806016,Calgary,2022,Population,,1395040
4806016,Calgary,2022,Natural Gas Production,m3,613.3
4806016,Calgary,2022,Oil Production,m3,363
4806016,Calgary,2022,Natural Gas Reserves,m3,28.13
4806016,Calgary,2022,All Families Income (Median),$,110550
4806016,Calgary,2022,Couple Families Income (Median),$,118950
4806016,Calgary,2022,Lone-Parent Income (Median),$,61000
4806016,Calgary,2022,Land Title Transfers (value of transfers),$,19705239084
4806016,Calgary,2022,Land Title Transfers (number of transfers),,33884
4806016,Calgary,2022,Major Projects,$,19357.45714
4806016,Calgary,2022,Building Permits (value of permits),$,5675966
4806016,Calgary,2022,Building Permits (number of permits),,17168
4806016,Calgary,2022,Housing Starts,,17306
4806016,Calgary,2022,Employment Insurance (recipients),,14796
4806016,Calgary,2022,Non-res. Mill Rate,,17.8843
4806016,Calgary,2022,Driver's Licenses,,900804
4806016,Calgary,2022,Vehicle Registrations,,1020752
4806016,Calgary,2022,Property Assessments,$,2.6875E+11
4806016,Calgary,2022,Residential Share (of property assessments),,0.77822
4806016,Calgary,2022,New Perm. Residents,,24155
4806016,Calgary,2022,Dwelling Units,,573805
4806016,Calgary,2022,Bankruptcies,,778
4806016,Calgary,2022,% Small Businesses,,0.94796
4806016,Calgary,2022,Residential Vacancy,,0.026
4806016,Calgary,2022,Births,,14210
4806016,Calgary,2022,Deaths,,8235
4806016,Calgary,2022,Incorporations,,17053
4806016,Calgary,2022,Average Residential Rent (2-bedroom units),$,1461.75
4806016,Calgary,2022,Life Expectancy,Years,83.21744
4806016,Calgary,2022,Air Quality (percent high-quality hours),,0.00731
4806016,Calgary,2022,New Apprentices,,3311
4806016,Calgary,2022,Total Apprentices,,9314
4806016,Calgary,2022,Immunization by Age 2 (% w/ DTap-IPV-Hib Dose 4),,0.78899
4806016,Calgary,2022,Post-Sec. Enrollment,,712
4806016,Calgary,2022,Post-Sec. Enrollment,,74716
4806016,Calgary,2022,Apprentices Certified,,1157
4806016,Calgary,2022,K - 9 Enrollment,,168630
4806016,Calgary,2022,High School Enrollment,,53119
4806016,Calgary,2022,Number of Businesses,,48582
4806016,Calgary,2022,Median Upload Speed,Mbps,13.10708
4806016,Calgary,2022,Median Download Speed,Mbps,69.91644
4806016,Calgary,2022,Average Latency,milliseconds,93.23074
4806016,Calgary,2022,Download Speed Class,Mbps,1175069
4806016,Calgary,2022,Upload Speed Class,Mbps,877537
4806016,Calgary,2022,Latency Class,milliseconds,170872
4806016,Calgary,2023,Population,,1478430
4806016,Calgary,2023,Natural Gas Production,m3,586.6
4806016,Calgary,2023,Oil Production,m3,288.3
4806016,Calgary,2023,Natural Gas Reserves,m3,24.87
4806016,Calgary,2023,All Families Income (Median),$,113730
4806016,Calgary,2023,Couple Families Income (Median),$,121870
4806016,Calgary,2023,Lone-Parent Income (Median),$,65200
4806016,Calgary,2023,Land Title Transfers (value of transfers),$,27425067176
4806016,Calgary,2023,Land Title Transfers (number of transfers),,42331
4806016,Calgary,2023,Major Projects,$,16907.55714
4806016,Calgary,2023,Building Permits (value of permits),$,6043166
4806016,Calgary,2023,Building Permits (number of permits),,18083
4806016,Calgary,2023,Housing Starts,,19579
4806016,Calgary,2023,Employment Insurance (recipients),,12759
4806016,Calgary,2023,Non-res. Mill Rate,,18.4334
4806016,Calgary,2023,Driver's Licenses,,937269
4806016,Calgary,2023,Vehicle Registrations,,1061681
4806016,Calgary,2023,Property Assessments,$,2.82596E+11
4806016,Calgary,2023,Residential Share (of property assessments),,0.80015
4806016,Calgary,2023,New Perm. Residents,,26680
4806016,Calgary,2023,Dwelling Units,,574293
4806016,Calgary,2023,Bankruptcies,,783
4806016,Calgary,2023,% Small Businesses,,0.94507
4806016,Calgary,2023,Residential Vacancy,,0.014
4806016,Calgary,2023,Births,,15046
4806016,Calgary,2023,Deaths,,8116
4806016,Calgary,2023,Incorporations,,19549
4806016,Calgary,2023,Average Residential Rent (2-bedroom units),$,1688.75
4806016,Calgary,2023,Life Expectancy,Years,82.52347
4806016,Calgary,2023,Air Quality (percent high-quality hours),,0.00719
4806016,Calgary,2023,New Apprentices,,4917
4806016,Calgary,2023,Total Apprentices,,12163
4806016,Calgary,2023,Post-Sec. Enrollment,,767
4806016,Calgary,2023,Post-Sec. Enrollment,,76654
4806016,Calgary,2023,Apprentices Certified,,1107
4806016,Calgary,2023,K - 9 Enrollment,,176239
4806016,Calgary,2023,High School Enrollment,,57197
4806016,Calgary,2023,Number of Businesses,,50079
4806016,Calgary,2023,Median Upload Speed,Mbps,14.88857
4806016,Calgary,2023,Median Download Speed,Mbps,74.93463
4806016,Calgary,2023,Average Latency,milliseconds,46.47216
4806016,Calgary,2024,Population,,1569133
4806016,Calgary,2024,Natural Gas Production,m3,540.7
4806016,Calgary,2024,Oil Production,m3,33.5
4806016,Calgary,2024,Natural Gas Reserves,m3,24.78
4806016,Calgary,2024,Land Title Transfers (value of transfers),$,25439768751
4806016,Calgary,2024,Land Title Transfers (number of transfers),,35040
4806016,Calgary,2024,Major Projects,$,11334.35714
4806016,Calgary,2024,Building Permits (value of permits),$,7187513
4806016,Calgary,2024,Building Permits (number of permits),,22180
4806016,Calgary,2024,Housing Starts,,24369
4806016,Calgary,2024,Employment Insurance (recipients),,17975
4806016,Calgary,2024,Non-res. Mill Rate,,18.3629
4806016,Calgary,2024,Driver's Licenses,,963825
4806016,Calgary,2024,Property Assessments,$,3.18423E+11
4806016,Calgary,2024,Residential Share (of property assessments),,0.81266
4806016,Calgary,2024,New Perm. Residents,,30135
4806016,Calgary,2024,Bankruptcies,,811
4806016,Calgary,2024,% Small Businesses,,0.93542
4806016,Calgary,2024,Residential Vacancy,,0.046
4806016,Calgary,2024,Incorporations,,20988
4806016,Calgary,2024,Average Residential Rent (2-bedroom units),$,1869.75
4806016,Calgary,2024,New Apprentices,,5456
4806016,Calgary,2024,Total Apprentices,,14752
4806016,Calgary,2024,Apprentices Certified,,1083
4806016,Calgary,2024,Number of Businesses,,43653
4806016,Calgary,2024,Median Upload Speed,Mbps,19.20907
4806016,Calgary,2024,Median Download Speed,Mbps,82.03903
4806016,Calgary,2024,Average Latency,milliseconds,112.01478
